{"frames": [

{
	"filename": "Floor.png",
	"frame": {"x":2,"y":2,"w":64,"h":64},
	"rotated": false,
	"trimmed": false,
	"spriteSourceSize": {"x":0,"y":0,"w":64,"h":64},
	"sourceSize": {"w":64,"h":64}
},
{
	"filename": "Outline.png",
	"frame": {"x":70,"y":2,"w":64,"h":64},
	"rotated": false,
	"trimmed": false,
	"spriteSourceSize": {"x":0,"y":0,"w":64,"h":64},
	"sourceSize": {"w":64,"h":64}
},
{
	"filename": "Target.png",
	"frame": {"x":138,"y":2,"w":64,"h":64},
	"rotated": false,
	"trimmed": false,
	"spriteSourceSize": {"x":0,"y":0,"w":64,"h":64},
	"sourceSize": {"w":64,"h":64}
},
{
	"filename": "Wall.png",
	"frame": {"x":206,"y":2,"w":64,"h":64},
	"rotated": false,
	"trimmed": false,
	"spriteSourceSize": {"x":0,"y":0,"w":64,"h":64},
	"sourceSize": {"w":64,"h":64}
},
{
	"filename": "ZBlack.png",
	"frame": {"x":274,"y":2,"w":64,"h":64},
	"rotated": false,
	"trimmed": false,
	"spriteSourceSize": {"x":0,"y":0,"w":64,"h":64},
	"sourceSize": {"w":64,"h":64}
}],
"meta": {
	"app": "https://www.codeandweb.com/texturepacker",
	"version": "1.0",
	"image": "you.png",
	"format": "RGBA8888",
	"size": {"w":512,"h":128},
	"scale": "1",
	"smartupdate": "$TexturePacker:SmartUpdate:7d389776bbd3dc5d025bef61c2181e3e:090fb6bb434d0574e71268087c0ac5a1:6890ca11a725f045f12dd30932c0f0ba$"
}
}
