<?xml version="1.0" encoding="UTF-8"?>
<DEFECTS>
  <DEFECT>
    <SFA>
      <FILEPATH>C:\Users\User\source\repos\ThroughTheLookingGlass\ThroughTheLookingGlass\</FILEPATH>
      <FILENAME>Memory.cpp</FILENAME>
      <LINE>37</LINE>
      <COLUMN>23</COLUMN>
    </SFA>
    <DEFECTCODE>6011</DEFECTCODE>
    <DESCRIPTION>Dereferencing NULL pointer 'memory'. </DESCRIPTION>
    <FUNCTION>memory_create</FUNCTION>
    <DECORATED>?memory_create@@YAPEAUMemory@@H@Z</DECORATED>
    <FUNCLINE>33</FUNCLINE>
    <PROBABILITY>1</PROBABILITY>
    <RANK>4</RANK>
    <CATEGORY>
      <RULECATEGORY>mspft</RULECATEGORY>
    </CATEGORY>
    <PATH>
      <SFA>
        <FILEPATH>C:\Users\User\source\repos\ThroughTheLookingGlass\ThroughTheLookingGlass\</FILEPATH>
        <FILENAME>Memory.cpp</FILENAME>
        <LINE>35</LINE>
        <COLUMN>5</COLUMN>
      </SFA>
      <SFA>
        <FILEPATH>C:\Users\User\source\repos\ThroughTheLookingGlass\ThroughTheLookingGlass\</FILEPATH>
        <FILENAME>Memory.cpp</FILENAME>
        <LINE>36</LINE>
        <COLUMN>7</COLUMN>
        <KEYEVENT>
          <ID>1</ID>
          <KIND>declaration</KIND>
          <IMPORTANCE>Essential</IMPORTANCE>
          <MESSAGE>'memory' may be NULL</MESSAGE>
        </KEYEVENT>
      </SFA>
      <SFA>
        <FILEPATH>C:\Users\User\source\repos\ThroughTheLookingGlass\ThroughTheLookingGlass\</FILEPATH>
        <FILENAME>Memory.cpp</FILENAME>
        <LINE>37</LINE>
        <COLUMN>23</COLUMN>
        <KEYEVENT>
          <ID>2</ID>
          <KIND>usage</KIND>
          <IMPORTANCE>Essential</IMPORTANCE>
          <MESSAGE>'memory' is dereferenced, but may still be NULL</MESSAGE>
        </KEYEVENT>
      </SFA>
    </PATH>
  </DEFECT>
</DEFECTS>